{
  "table": {
    "(0, 2, 1, 0)": [
      0.4218245,
      0.348,
      0.717195,
      0.2
    ],
    "(1, 0, 0, 0)": [
      0.44,
      0.3,
      0.465233605,
      0.2
    ],
    "(2, 2, 1, 0)": [
      0.5,
      0.3,
      0.7749999999999999,
      0.2
    ],
    "(0, 1, 1, 0)": [
      0.5,
      0.44898,
      0.726085155,
      0.2
    ],
    "(2, 1, 1, 0)": [
      0.5,
      0.41556750000000003,
      0.9032499999999999,
      0.2
    ]
  },
  "epsilon": 0.2568246812865366,
  "total_updates": 31
}