{
  "table": {
    "(0, 2, 1, 0)": [
      0.4218245,
      0.348,
      0.717195,
      0.2
    ],
    "(1, 0, 0, 0)": [
      0.3806,
      0.3,
      0.40690529804500003,
      0.2
    ],
    "(2, 2, 1, 0)": [
      0.5,
      0.3,
      0.7749999999999999,
      0.2
    ],
    "(0, 1, 1, 0)": [
      0.5,
      0.44898,
      0.726085155,
      0.2
    ],
    "(2, 1, 1, 0)": [
      0.5,
      0.41556750000000003,
      0.9032499999999999,
      0.2
    ],
    "(0, 1, 0, 0)": [
      0.4592195,
      0.3912,
      0.72342795,
      0.2
    ],
    "(2, 1, 0, 0)": [
      0.5,
      0.3,
      0.7749999999999999,
      0.325
    ]
  },
  "epsilon": 0.23822260478804844,
  "total_updates": 46
}